{"train/loss":0.5512,"train/conj_loss":0.0013,"train_steps_per_second":2.529,"eval/runtime":7205.6199,"eval/H@10":0.5018424662970395,"eval/AUC":0.9988662819704848,"train/centri_loss":0.0347,"_runtime":16978,"_timestamp":1.7531863617439437e+09,"_step":396,"train/exist_loss":0.5005,"train/global_step":39504,"train_samples_per_second":80.926,"eval/MRR":0.16613658234356707,"eval/median":10,"eval/H@100":0.7569985373652165,"train/learning_rate":1.2819198030971183e-09,"eval/axiom_kind":"nf1","_wandb":{"runtime":16978},"eval/samples_per_second":0,"eval/centri_weight":0.9,"train/cluster_loss":0.0147,"train/epoch":1,"eval/steps_per_second":0,"train_loss":1.1663825307939157,"train_runtime":15620.3846,"eval/H@1":0.00015873555789879475,"eval/MR":861.5112418789755,"train/grad_norm":10.66982364654541,"total_flos":0}