{"_timestamp":1.7525102210465648e+09,"train/global_step":151940,"eval/runtime":8015.8113,"eval/accuracy":0.9913123250007629,"train_steps_per_second":1.265,"train/grad_norm":0.43083620071411133,"train/epoch":20,"_step":1539,"_runtime":120577,"eval/centri_loss":0.0011,"eval/loss":0.1019,"train_samples_per_second":647.617,"eval/threshold":-22,"total_flos":0,"train/loss":0.0017,"train_runtime":120109.0308,"eval/steps_per_second":0.247,"eval/samples_per_second":252.943,"eval/precision":0.935006856918335,"eval/f1":0.9531448483467102,"eval/centri_weight":1.3,"train/centri_loss":0.0008,"_wandb":{"runtime":120577},"train_loss":0.03149483361284765,"eval/cluster_loss":0.1009,"train/learning_rate":2.707342842049657e-09,"train/cluster_loss":0.001,"eval/recall":0.9720005393028259,"eval/accuracy_on_negatives":0.9932435154914856}