{"total_flos":0,"eval/H@10":0.5024547320203635,"eval/samples_per_second":0,"train/loss":0.5505,"train/cluster_loss":0.0142,"train/learning_rate":1.2819198030971183e-09,"eval/AUC":0.9988627851865941,"train/grad_norm":12.306028366088867,"train_samples_per_second":82.973,"train_loss":1.1663725130130231,"eval/MRR":0.1655988238437678,"eval/axiom_kind":"nf1","train/conj_loss":0.0012,"eval/MR":864.1369434334501,"train/global_step":39504,"_timestamp":1.7522908958234708e+09,"train_runtime":15235.0814,"eval/steps_per_second":0,"_step":396,"eval/centri_weight":0.9,"eval/H@100":0.7569985373652165,"eval/median":10,"_runtime":15236,"eval/runtime":7161.2025,"eval/H@1":0.00011338254135628197,"train/exist_loss":0.5004,"train/centri_loss":0.0347,"_wandb":{"runtime":15236},"train_steps_per_second":2.593,"train/epoch":1}