{"eval/loss":0.22338536381721497,"train_runtime":31826.1471,"test/runtime":512.0803,"eval/runtime":488.296,"train_loss":0.008448339105888818,"_wandb":{"runtime":32337},"train/grad_norm":0.671337366104126,"train/global_step":25068,"test/steps_per_second":4.255,"train/loss":0.0078,"eval/samples_per_second":4567.504,"train_samples_per_second":403.268,"test/loss":0.13480916619300842,"test/samples_per_second":4355.381,"train_steps_per_second":0.788,"total_flos":9.806525399534917e+16,"_timestamp":1.7530645024679139e+09,"_runtime":32337,"train/learning_rate":2.7525131641933943e-08,"_step":301,"eval/steps_per_second":4.462,"train/epoch":3}