{"train/epoch":1,"eval/median":10,"train/exist_loss":0.5005,"train_runtime":15734.6637,"train_steps_per_second":2.511,"train/cluster_loss":0.0146,"train/grad_norm":11.052658081054688,"eval/MRR":0.16681919333154865,"train/loss":0.5512,"eval/MR":861.7004773404991,"train_samples_per_second":80.339,"_timestamp":1.7532669087742145e+09,"eval/AUC":0.9988660849573909,"_step":396,"_runtime":17104,"eval/H@10":0.5016837307391407,"eval/samples_per_second":0,"train/global_step":39504,"train/conj_loss":0.0015,"eval/steps_per_second":0,"eval/axiom_kind":"nf1","_wandb":{"runtime":17104},"eval/centri_weight":0.9,"train/centri_loss":0.0347,"eval/runtime":7216.5364,"eval/H@100":0.7582797600825425,"total_flos":0,"eval/H@1":0.00011338254135628197,"train_loss":1.166258333447782,"train/learning_rate":1.2819198030971183e-09}