{"eval/accuracy_on_negatives":0.9846336245536804,"_step":3058,"train/epoch":20,"train_steps_per_second":4.974,"train/cluster_loss":0.0164,"train/grad_norm":3.522202253341675,"train/centri_loss":0.0025,"train/learning_rate":2.01081223628692e-09,"eval/recall":0.9132347702980042,"_wandb":{"runtime":61257},"eval/precision":0.8559712767601013,"eval/threshold":-57.93,"eval/centri_loss":0.0099,"total_flos":0,"_runtime":61257,"_timestamp":1.7533321723970475e+09,"eval/loss":4.0089,"train_samples_per_second":1273.379,"eval/f1":0.8836763501167297,"eval/steps_per_second":4.629,"eval/accuracy":0.9781427383422852,"eval/samples_per_second":2369.313,"train_loss":0.20439963644490705,"eval/runtime":855.75,"eval/cluster_loss":3.9991,"train_runtime":61085.2116,"train/global_step":303860,"eval/centri_weight":1,"train/loss":0.0189}