{"train/epoch":20,"eval/f1":0.9517342448234558,"eval/steps_per_second":5.987,"train/learning_rate":2.01081223628692e-09,"eval/accuracy":0.9910284876823425,"train/loss":0.0006,"train_loss":0.019645788154028367,"eval/loss":0.1068,"eval/cluster_loss":0.1057,"train_runtime":58247.4352,"train/centri_loss":0.0003,"eval/runtime":661.5651,"_runtime":58419,"_step":3058,"_timestamp":1.75325002932437e+09,"train/cluster_loss":0.0004,"eval/recall":0.9729771018028259,"eval/threshold":-21.98,"_wandb":{"runtime":58419},"eval/accuracy_on_negatives":0.99283367395401,"train/grad_norm":2.6504147052764893,"eval/precision":0.9313991665840149,"eval/centri_weight":1.4,"train_samples_per_second":1335.417,"train_steps_per_second":5.217,"eval/samples_per_second":3064.763,"total_flos":0,"train/global_step":303860,"eval/centri_loss":0.0012}