{"_wandb":{"runtime":4157},"train/centri_loss":0.0131,"train/global_step":7500,"_timestamp":1.7523854326524687e+09,"train/epoch":0.9872318020271159,"train/grad_norm":2.219437837600708,"_runtime":4157,"train/loss":0.0443,"train/cluster_loss":0.0312,"_step":74,"train/learning_rate":9.53783676703645e-06}